filename,firstDir,relativePath,sizeBytes,modDate,modTime
"bootstrap.dart","bootstrap.dart","bootstrap.dart",60,"251210","083129"
"pentomino_game_provider.dart","classical","classical/pentomino_game_provider.dart",68208,"251210","083129"
"pentomino_game_screen.dart","classical","classical/pentomino_game_screen.dart",13462,"251210","084349"
"pentomino_game_state.dart","classical","classical/pentomino_game_state.dart",10180,"251212","020427"
"bigint_plateau.dart","common","common/bigint_plateau.dart",3196,"251210","083129"
"game_piece.dart","common","common/game_piece.dart",1633,"251210","083129"
"isometry_transforms.dart","common","common/isometry_transforms.dart",2590,"251210","083129"
"pentominos.dart","common","common/pentominos.dart",13302,"251210","083129"
"plateau.dart","common","common/plateau.dart",1475,"251210","083129"
"point.dart","common","common/point.dart",374,"251210","083129"
"shape_recognizer.dart","common","common/shape_recognizer.dart",2101,"251210","083129"
"build_info.dart","config","config/build_info.dart",1381,"251212","022200"
"game_icons_config.dart","config","config/game_icons_config.dart",6124,"251210","083129"
"solution_database.dart","data","data/solution_database.dart",4949,"251210","083129"
"settings_database.dart","database","database/settings_database.dart",1754,"251210","083129"
"settings_database.g.dart","database","database/settings_database.g.dart",10963,"251210","083129"
"duel.dart","duel","duel/duel.dart",436,"251210","083129"
"duel_countdown.dart","duel","duel/widgets/duel_countdown.dart",1221,"251210","083129"
"duel_create_screen.dart","duel","duel/screens/duel_create_screen.dart",5018,"251210","083129"
"duel_game_screen.dart","duel","duel/screens/duel_game_screen.dart",40368,"251210","083129"
"duel_home_screen.dart","duel","duel/screens/duel_home_screen.dart",5559,"251210","083129"
"duel_join_screen.dart","duel","duel/screens/duel_join_screen.dart",6339,"251210","083129"
"duel_messages.dart","duel","duel/models/duel_messages.dart",11397,"251210","083129"
"duel_piece_slider.dart","duel","duel/widgets/duel_piece_slider.dart",1172,"251210","083129"
"duel_provider.dart","duel","duel/providers/duel_provider.dart",13638,"251210","083129"
"duel_result_screen.dart","duel","duel/screens/duel_result_screen.dart",8942,"251210","084140"
"duel_settings_screen.dart","duel","duel/screens/duel_settings_screen.dart",18257,"251210","083129"
"duel_state.dart","duel","duel/models/duel_state.dart",6019,"251210","083129"
"duel_validator.dart","duel","duel/services/duel_validator.dart",6142,"251210","083129"
"duel_waiting_screen.dart","duel","duel/screens/duel_waiting_screen.dart",8060,"251210","083129"
"opponent_piece_overlay.dart","duel","duel/widgets/opponent_piece_overlay.dart",1888,"251210","083129"
"websocket_service.dart","duel","duel/services/websocket_service.dart",6229,"251210","084140"
"isopento_board.dart","isopento","isopento/widgets/isopento_board.dart",18010,"251210","083129"
"isopento_config.dart","isopento","isopento/isopento_config.dart",4313,"251210","083129"
"isopento_data.dart","isopento","isopento/isopento_data.dart",2595,"251210","083129"
"isopento_game_screen.dart","isopento","isopento/screens/isopento_game_screen.dart",8813,"251210","083129"
"isopento_generator.dart","isopento","isopento/isopento_generator.dart",5783,"251210","083129"
"isopento_menu_screen.dart","isopento","isopento/screens/isopento_menu_screen.dart",6637,"251210","083129"
"isopento_piece_slider.dart","isopento","isopento/widgets/isopento_piece_slider.dart",5785,"251210","083129"
"isopento_provider.dart","isopento","isopento/isopento_provider.dart",32944,"251210","083129"
"isopento_solver.dart","isopento","isopento/isopento_solver.dart",11730,"251210","083129"
"main.dart","main.dart","main.dart",1999,"251210","083309"
"app_settings.dart","models","models/app_settings.dart",18640,"251210","083129"
"pentoscope_board.dart","pentoscope","pentoscope/widgets/pentoscope_board.dart",17556,"251210","145840"
"pentoscope_data.dart","pentoscope","pentoscope/pentoscope_data.dart",2577,"251210","083129"
"pentoscope_game_screen.dart","pentoscope","pentoscope/screens/pentoscope_game_screen.dart",11677,"251210","083129"
"pentoscope_generator.dart","pentoscope","pentoscope/pentoscope_generator.dart",6069,"251210","143526"
"pentoscope_menu_screen.dart","pentoscope","pentoscope/screens/pentoscope_menu_screen.dart",6999,"251210","083129"
"pentoscope_piece_slider.dart","pentoscope","pentoscope/widgets/pentoscope_piece_slider.dart",4632,"251210","145104"
"pentoscope_provider.dart","pentoscope","pentoscope/pentoscope_provider.dart",28449,"251210","143343"
"pentoscope_solver.dart","pentoscope","pentoscope/pentoscope_solver.dart",11744,"251210","083129"
"settings_provider.dart","providers","providers/settings_provider.dart",9521,"251210","083129"
"action_slider.dart","screens","screens/pentomino_game/widgets/shared/action_slider.dart",10974,"251210","083129"
"custom_colors_screen.dart","screens","screens/custom_colors_screen.dart",4496,"251210","083129"
"draggable_piece_widget.dart","screens","screens/pentomino_game/widgets/shared/draggable_piece_widget.dart",4497,"251210","083129"
"game_board.dart","screens","screens/pentomino_game/widgets/shared/game_board.dart",14828,"251210","083129"
"game_colors.dart","screens","screens/pentomino_game/utils/game_colors.dart",3025,"251210","083129"
"game_constants.dart","screens","screens/pentomino_game/utils/game_constants.dart",1186,"251210","083129"
"game_utils.dart","screens","screens/pentomino_game/utils/game_utils.dart",156,"251210","083129"
"home_screen.dart","screens","screens/home_screen.dart",9632,"251210","084140"
"piece_border_calculator.dart","screens","screens/pentomino_game/widgets/shared/piece_border_calculator.dart",4251,"251210","083129"
"piece_renderer.dart","screens","screens/pentomino_game/widgets/shared/piece_renderer.dart",3761,"251210","083129"
"piece_slider.dart","screens","screens/pentomino_game/widgets/game_mode/piece_slider.dart",6830,"251210","083129"
"settings_screen.dart","screens","screens/settings_screen.dart",25682,"251210","083129"
"solutions_browser_screen.dart","screens","screens/solutions_browser_screen.dart",14551,"251210","083129"
"solutions_viewer_screen.dart","screens","screens/solutions_viewer_screen.dart",6934,"251210","083129"
"pentapol_solutions_loader.dart","services","services/pentapol_solutions_loader.dart",1735,"251210","083129"
"pentomino_solver.dart","services","services/pentomino_solver.dart",25884,"251210","083129"
"plateau_solution_counter.dart","services","services/plateau_solution_counter.dart",2487,"251210","083129"
"solution_matcher.dart","services","services/solution_matcher.dart",7412,"251210","083129"
"board_selection_commands.dart","tutorial","tutorial/commands/board_selection_commands.dart",2960,"251210","083129"
"commands.dart","tutorial","tutorial/commands/commands.dart",599,"251210","083129"
"control_commands.dart","tutorial","tutorial/commands/control_commands.dart",2168,"251210","083129"
"highlight_commands.dart","tutorial","tutorial/commands/highlight_commands.dart",6012,"251210","083129"
"highlight_isometry_icon.dart","tutorial","tutorial/commands/highlight_isometry_icon.dart",2821,"251210","083129"
"highlighted_icon_button.dart","tutorial","tutorial/widgets/highlighted_icon_button.dart",2123,"251210","083129"
"message_commands.dart","tutorial","tutorial/commands/message_commands.dart",1589,"251210","083129"
"placement_commands.dart","tutorial","tutorial/commands/placement_commands.dart",1619,"251210","083129"
"scratch_command.dart","tutorial","tutorial/models/scratch_command.dart",1721,"251210","083129"
"scratch_interpreter.dart","tutorial","tutorial/interpreter/scratch_interpreter.dart",4602,"251210","084140"
"selection_commands.dart","tutorial","tutorial/commands/selection_commands.dart",4418,"251210","083129"
"transform_commands.dart","tutorial","tutorial/commands/transform_commands.dart",4976,"251210","083129"
"translate_command.dart","tutorial","tutorial/commands/translate_command.dart",8235,"251210","083129"
"tutorial.dart","tutorial","tutorial/tutorial.dart",579,"251210","083129"
"tutorial_context.dart","tutorial","tutorial/models/tutorial_context.dart",2481,"251210","084140"
"tutorial_controls.dart","tutorial","tutorial/widgets/tutorial_controls.dart",6088,"251210","083129"
"tutorial_mode_commands.dart","tutorial","tutorial/commands/tutorial_mode_commands.dart",2032,"251210","083129"
"tutorial_overlay.dart","tutorial","tutorial/widgets/tutorial_overlay.dart",4712,"251210","083129"
"tutorial_provider.dart","tutorial","tutorial/providers/tutorial_provider.dart",8784,"251210","083129"
"tutorial_script.dart","tutorial","tutorial/models/tutorial_script.dart",3045,"251210","083129"
"tutorial_state.dart","tutorial","tutorial/models/tutorial_state.dart",3168,"251210","083129"
"yaml_parser.dart","tutorial","tutorial/parser/yaml_parser.dart",7089,"251210","083129"
"pentomino_geometry.dart","utils","utils/pentomino_geometry.dart",3436,"251210","083129"
"piece_utils.dart","utils","utils/piece_utils.dart",5884,"251210","083129"
"plateau_compressor.dart","utils","utils/plateau_compressor.dart",5573,"251210","083129"
"solution_collector.dart","utils","utils/solution_collector.dart",3991,"251210","083129"
"solution_exporter.dart","utils","utils/solution_exporter.dart",5755,"251210","083129"
"time_format.dart","utils","utils/time_format.dart",371,"251210","083129"
